timestamp,source,title
2024-01-01 00:00:00,theblock,SEC approves new Bitcoin ETF application
2024-01-01 05:00:00,theblock,Institutional investors increase crypto holdings
2024-01-01 10:00:00,cointelegraph,"Exchange suffers security breach, funds frozen"
2024-01-01 15:00:00,cointelegraph,New wallet software update released
2024-01-01 20:00:00,coindesk,Institutional investors increase crypto holdings
2024-01-02 01:00:00,coindesk,Major bank announces Bitcoin custody service
2024-01-02 06:00:00,theblock,Bitcoin adoption grows in emerging markets
2024-01-02 11:00:00,theblock,Weekly crypto market summary and analysis
2024-01-02 16:00:00,theblock,Regulator proposes stricter crypto trading rules
2024-01-02 21:00:00,theblock,Major bank announces Bitcoin custody service
2024-01-03 02:00:00,cointelegraph,Market selloff triggers liquidation cascade
2024-01-03 07:00:00,coindesk,Weekly crypto market summary and analysis
2024-01-03 12:00:00,coindesk,Conference schedule announced for crypto week
2024-01-03 17:00:00,cointelegraph,SEC approves new Bitcoin ETF application
2024-01-03 22:00:00,coindesk,Bitcoin adoption grows in emerging markets
2024-01-04 03:00:00,coindesk,Major bank announces Bitcoin custody service
2024-01-04 08:00:00,theblock,Weekly crypto market summary and analysis
2024-01-04 13:00:00,theblock,Weekly crypto market summary and analysis
2024-01-04 18:00:00,cointelegraph,New wallet software update released
2024-01-04 23:00:00,cointelegraph,Market selloff triggers liquidation cascade
2024-01-05 04:00:00,theblock,New wallet software update released
2024-01-05 09:00:00,coindesk,Major bank announces Bitcoin custody service
2024-01-05 14:00:00,coindesk,Blockchain researchers publish new scaling study
2024-01-05 19:00:00,cointelegraph,Report warns of crypto exchange insolvency risk
2024-01-06 00:00:00,coindesk,Blockchain researchers publish new scaling study
2024-01-06 05:00:00,coindesk,Institutional investors increase crypto holdings
2024-01-06 10:00:00,coindesk,New wallet software update released
2024-01-06 15:00:00,coindesk,Weekly crypto market summary and analysis
2024-01-06 20:00:00,theblock,Regulator proposes stricter crypto trading rules
2024-01-07 01:00:00,theblock,Market selloff triggers liquidation cascade
2024-01-07 06:00:00,cointelegraph,Bitcoin adoption grows in emerging markets
2024-01-07 11:00:00,theblock,Regulator proposes stricter crypto trading rules
2024-01-07 16:00:00,coindesk,Market selloff triggers liquidation cascade
2024-01-07 21:00:00,theblock,Conference schedule announced for crypto week
2024-01-08 02:00:00,coindesk,"Exchange suffers security breach, funds frozen"
2024-01-08 07:00:00,cointelegraph,SEC approves new Bitcoin ETF application
2024-01-08 12:00:00,cointelegraph,Institutional investors increase crypto holdings
2024-01-08 17:00:00,coindesk,Institutional investors increase crypto holdings
2024-01-08 22:00:00,theblock,SEC approves new Bitcoin ETF application
2024-01-09 03:00:00,theblock,New wallet software update released
2024-01-09 08:00:00,coindesk,Conference schedule announced for crypto week
2024-01-09 13:00:00,cointelegraph,Weekly crypto market summary and analysis
2024-01-09 18:00:00,coindesk,Weekly crypto market summary and analysis
2024-01-09 23:00:00,coindesk,Bitcoin adoption grows in emerging markets
2024-01-10 04:00:00,theblock,"Exchange suffers security breach, funds frozen"
2024-01-10 09:00:00,theblock,Blockchain researchers publish new scaling study
2024-01-10 14:00:00,theblock,Major bank announces Bitcoin custody service
2024-01-10 19:00:00,theblock,New wallet software update released
2024-01-11 00:00:00,cointelegraph,Major bank announces Bitcoin custody service
2024-01-11 05:00:00,cointelegraph,Regulator proposes stricter crypto trading rules
2024-01-11 10:00:00,cointelegraph,SEC approves new Bitcoin ETF application
2024-01-11 15:00:00,cointelegraph,Blockchain researchers publish new scaling study
2024-01-11 20:00:00,theblock,SEC approves new Bitcoin ETF application
2024-01-12 01:00:00,coindesk,SEC approves new Bitcoin ETF application
2024-01-12 06:00:00,theblock,New wallet software update released
2024-01-12 11:00:00,cointelegraph,New wallet software update released
2024-01-12 16:00:00,coindesk,Regulator proposes stricter crypto trading rules
2024-01-12 21:00:00,cointelegraph,SEC approves new Bitcoin ETF application
2024-01-13 02:00:00,coindesk,Blockchain researchers publish new scaling study
2024-01-13 07:00:00,coindesk,Blockchain researchers publish new scaling study
2024-01-13 12:00:00,theblock,Market selloff triggers liquidation cascade
2024-01-13 17:00:00,coindesk,SEC approves new Bitcoin ETF application
2024-01-13 22:00:00,cointelegraph,Blockchain researchers publish new scaling study
2024-01-14 03:00:00,theblock,New wallet software update released
2024-01-14 08:00:00,theblock,Major bank announces Bitcoin custody service
2024-01-14 13:00:00,coindesk,Regulator proposes stricter crypto trading rules
2024-01-14 18:00:00,theblock,Major bank announces Bitcoin custody service
2024-01-14 23:00:00,coindesk,SEC approves new Bitcoin ETF application
2024-01-15 04:00:00,theblock,Institutional investors increase crypto holdings
2024-01-15 09:00:00,coindesk,New wallet software update released
2024-01-15 14:00:00,cointelegraph,Major bank announces Bitcoin custody service
2024-01-15 19:00:00,coindesk,Conference schedule announced for crypto week
2024-01-16 00:00:00,coindesk,Institutional investors increase crypto holdings
2024-01-16 05:00:00,cointelegraph,Weekly crypto market summary and analysis
2024-01-16 10:00:00,cointelegraph,Institutional investors increase crypto holdings
2024-01-16 15:00:00,theblock,Weekly crypto market summary and analysis
2024-01-16 20:00:00,cointelegraph,New wallet software update released
2024-01-17 01:00:00,theblock,Conference schedule announced for crypto week
2024-01-17 06:00:00,cointelegraph,Major bank announces Bitcoin custody service
2024-01-17 11:00:00,cointelegraph,Blockchain researchers publish new scaling study
2024-01-17 16:00:00,theblock,New wallet software update released
2024-01-17 21:00:00,theblock,Market selloff triggers liquidation cascade
2024-01-18 02:00:00,coindesk,"Exchange suffers security breach, funds frozen"
2024-01-18 07:00:00,theblock,Blockchain researchers publish new scaling study
2024-01-18 12:00:00,cointelegraph,Institutional investors increase crypto holdings
2024-01-18 17:00:00,theblock,Bitcoin adoption grows in emerging markets
2024-01-18 22:00:00,theblock,New wallet software update released
2024-01-19 03:00:00,cointelegraph,Bitcoin adoption grows in emerging markets
2024-01-19 08:00:00,cointelegraph,New wallet software update released
2024-01-19 13:00:00,cointelegraph,Market selloff triggers liquidation cascade
2024-01-19 18:00:00,coindesk,Institutional investors increase crypto holdings
2024-01-19 23:00:00,theblock,Market selloff triggers liquidation cascade
2024-01-20 04:00:00,coindesk,Report warns of crypto exchange insolvency risk
2024-01-20 09:00:00,theblock,Blockchain researchers publish new scaling study
2024-01-20 14:00:00,cointelegraph,New wallet software update released
2024-01-20 19:00:00,coindesk,SEC approves new Bitcoin ETF application
2024-01-21 00:00:00,theblock,Institutional investors increase crypto holdings
2024-01-21 05:00:00,coindesk,"Exchange suffers security breach, funds frozen"
2024-01-21 10:00:00,cointelegraph,Regulator proposes stricter crypto trading rules
2024-01-21 15:00:00,coindesk,New wallet software update released
2024-01-21 20:00:00,theblock,Major bank announces Bitcoin custody service
2024-01-22 01:00:00,cointelegraph,Bitcoin adoption grows in emerging markets
2024-01-22 06:00:00,coindesk,New wallet software update released
2024-01-22 11:00:00,cointelegraph,Weekly crypto market summary and analysis
2024-01-22 16:00:00,theblock,Major bank announces Bitcoin custody service
2024-01-22 21:00:00,coindesk,Major bank announces Bitcoin custody service
2024-01-23 02:00:00,cointelegraph,New wallet software update released
2024-01-23 07:00:00,theblock,Bitcoin adoption grows in emerging markets
2024-01-23 12:00:00,coindesk,Weekly crypto market summary and analysis
2024-01-23 17:00:00,coindesk,Blockchain researchers publish new scaling study
2024-01-23 22:00:00,cointelegraph,"Exchange suffers security breach, funds frozen"
2024-01-24 03:00:00,coindesk,Weekly crypto market summary and analysis
2024-01-24 08:00:00,cointelegraph,"Exchange suffers security breach, funds frozen"
2024-01-24 13:00:00,cointelegraph,"Exchange suffers security breach, funds frozen"
2024-01-24 18:00:00,theblock,Bitcoin adoption grows in emerging markets
2024-01-24 23:00:00,cointelegraph,Weekly crypto market summary and analysis
2024-01-25 04:00:00,coindesk,Market selloff triggers liquidation cascade
2024-01-25 09:00:00,coindesk,Major bank announces Bitcoin custody service
2024-01-25 14:00:00,cointelegraph,New wallet software update released
2024-01-25 19:00:00,theblock,Report warns of crypto exchange insolvency risk
2024-01-26 00:00:00,coindesk,Conference schedule announced for crypto week
2024-01-26 05:00:00,theblock,Report warns of crypto exchange insolvency risk
2024-01-26 10:00:00,theblock,Regulator proposes stricter crypto trading rules
2024-01-26 15:00:00,theblock,Weekly crypto market summary and analysis
2024-01-26 20:00:00,cointelegraph,Conference schedule announced for crypto week
2024-01-27 01:00:00,coindesk,Regulator proposes stricter crypto trading rules
2024-01-27 06:00:00,coindesk,Blockchain researchers publish new scaling study
2024-01-27 11:00:00,coindesk,New wallet software update released
2024-01-27 16:00:00,coindesk,Weekly crypto market summary and analysis
2024-01-27 21:00:00,coindesk,New wallet software update released
2024-01-28 02:00:00,coindesk,Regulator proposes stricter crypto trading rules
2024-01-28 07:00:00,theblock,SEC approves new Bitcoin ETF application
2024-01-28 12:00:00,coindesk,Bitcoin adoption grows in emerging markets
2024-01-28 17:00:00,cointelegraph,Conference schedule announced for crypto week
2024-01-28 22:00:00,coindesk,Conference schedule announced for crypto week
2024-01-29 03:00:00,coindesk,Institutional investors increase crypto holdings
2024-01-29 08:00:00,cointelegraph,Major bank announces Bitcoin custody service
2024-01-29 13:00:00,theblock,Major bank announces Bitcoin custody service
2024-01-29 18:00:00,theblock,Blockchain researchers publish new scaling study
2024-01-29 23:00:00,coindesk,SEC approves new Bitcoin ETF application
2024-01-30 04:00:00,coindesk,Weekly crypto market summary and analysis
2024-01-30 09:00:00,cointelegraph,Weekly crypto market summary and analysis
2024-01-30 14:00:00,theblock,SEC approves new Bitcoin ETF application
2024-01-30 19:00:00,cointelegraph,Bitcoin adoption grows in emerging markets
2024-01-31 00:00:00,cointelegraph,Bitcoin adoption grows in emerging markets
2024-01-31 05:00:00,coindesk,Regulator proposes stricter crypto trading rules
2024-01-31 10:00:00,cointelegraph,Bitcoin adoption grows in emerging markets
2024-01-31 15:00:00,theblock,Bitcoin adoption grows in emerging markets
2024-01-31 20:00:00,cointelegraph,New wallet software update released
2024-02-01 01:00:00,coindesk,Bitcoin adoption grows in emerging markets
2024-02-01 06:00:00,theblock,Regulator proposes stricter crypto trading rules
2024-02-01 11:00:00,coindesk,Conference schedule announced for crypto week
2024-02-01 16:00:00,theblock,"Exchange suffers security breach, funds frozen"
2024-02-01 21:00:00,cointelegraph,New wallet software update released
2024-02-02 02:00:00,cointelegraph,Major bank announces Bitcoin custody service
2024-02-02 07:00:00,theblock,New wallet software update released
2024-02-02 12:00:00,coindesk,Conference schedule announced for crypto week
2024-02-02 17:00:00,theblock,"Exchange suffers security breach, funds frozen"
2024-02-02 22:00:00,coindesk,Blockchain researchers publish new scaling study
2024-02-03 03:00:00,theblock,Major bank announces Bitcoin custody service
2024-02-03 08:00:00,theblock,Weekly crypto market summary and analysis
2024-02-03 13:00:00,cointelegraph,SEC approves new Bitcoin ETF application
2024-02-03 18:00:00,theblock,Weekly crypto market summary and analysis
2024-02-03 23:00:00,cointelegraph,Report warns of crypto exchange insolvency risk
2024-02-04 04:00:00,cointelegraph,Bitcoin adoption grows in emerging markets
2024-02-04 09:00:00,theblock,Major bank announces Bitcoin custody service
2024-02-04 14:00:00,coindesk,Major bank announces Bitcoin custody service
2024-02-04 19:00:00,theblock,Regulator proposes stricter crypto trading rules
2024-02-05 00:00:00,theblock,Bitcoin adoption grows in emerging markets
2024-02-05 05:00:00,coindesk,Conference schedule announced for crypto week
2024-02-05 10:00:00,theblock,Report warns of crypto exchange insolvency risk
2024-02-05 15:00:00,theblock,New wallet software update released
2024-02-05 20:00:00,cointelegraph,Conference schedule announced for crypto week
2024-02-06 01:00:00,theblock,Blockchain researchers publish new scaling study
2024-02-06 06:00:00,cointelegraph,SEC approves new Bitcoin ETF application
2024-02-06 11:00:00,cointelegraph,Institutional investors increase crypto holdings
2024-02-06 16:00:00,theblock,SEC approves new Bitcoin ETF application
2024-02-06 21:00:00,cointelegraph,Market selloff triggers liquidation cascade
2024-02-07 02:00:00,theblock,Bitcoin adoption grows in emerging markets
2024-02-07 07:00:00,coindesk,Market selloff triggers liquidation cascade
2024-02-07 12:00:00,cointelegraph,Institutional investors increase crypto holdings
2024-02-07 17:00:00,coindesk,Institutional investors increase crypto holdings
2024-02-07 22:00:00,theblock,Regulator proposes stricter crypto trading rules
2024-02-08 03:00:00,theblock,New wallet software update released
2024-02-08 08:00:00,coindesk,Blockchain researchers publish new scaling study
2024-02-08 13:00:00,coindesk,"Exchange suffers security breach, funds frozen"
2024-02-08 18:00:00,cointelegraph,Institutional investors increase crypto holdings
2024-02-08 23:00:00,theblock,New wallet software update released
2024-02-09 04:00:00,theblock,Weekly crypto market summary and analysis
2024-02-09 09:00:00,theblock,Conference schedule announced for crypto week
2024-02-09 14:00:00,cointelegraph,Bitcoin adoption grows in emerging markets
2024-02-09 19:00:00,cointelegraph,Market selloff triggers liquidation cascade
2024-02-10 00:00:00,cointelegraph,Bitcoin adoption grows in emerging markets
2024-02-10 05:00:00,cointelegraph,SEC approves new Bitcoin ETF application
2024-02-10 10:00:00,cointelegraph,Market selloff triggers liquidation cascade
2024-02-10 15:00:00,theblock,"Exchange suffers security breach, funds frozen"
2024-02-10 20:00:00,coindesk,SEC approves new Bitcoin ETF application
2024-02-11 01:00:00,coindesk,Blockchain researchers publish new scaling study
2024-02-11 06:00:00,coindesk,Institutional investors increase crypto holdings
2024-02-11 11:00:00,cointelegraph,Report warns of crypto exchange insolvency risk
2024-02-11 16:00:00,coindesk,Major bank announces Bitcoin custody service
2024-02-11 21:00:00,coindesk,Conference schedule announced for crypto week
2024-02-12 02:00:00,cointelegraph,New wallet software update released
2024-02-12 07:00:00,coindesk,New wallet software update released
2024-02-12 12:00:00,cointelegraph,SEC approves new Bitcoin ETF application
2024-02-12 17:00:00,cointelegraph,Market selloff triggers liquidation cascade
2024-02-12 22:00:00,cointelegraph,Report warns of crypto exchange insolvency risk
2024-02-13 03:00:00,cointelegraph,"Exchange suffers security breach, funds frozen"
2024-02-13 08:00:00,theblock,Report warns of crypto exchange insolvency risk
2024-02-13 13:00:00,theblock,Bitcoin adoption grows in emerging markets
2024-02-13 18:00:00,theblock,Major bank announces Bitcoin custody service
2024-02-13 23:00:00,cointelegraph,"Exchange suffers security breach, funds frozen"
2024-02-14 04:00:00,theblock,Major bank announces Bitcoin custody service
2024-02-14 09:00:00,theblock,Market selloff triggers liquidation cascade
2024-02-14 14:00:00,cointelegraph,Conference schedule announced for crypto week
2024-02-14 19:00:00,cointelegraph,Regulator proposes stricter crypto trading rules
2024-02-15 00:00:00,cointelegraph,SEC approves new Bitcoin ETF application
2024-02-15 05:00:00,coindesk,New wallet software update released
2024-02-15 10:00:00,coindesk,New wallet software update released
2024-02-15 15:00:00,coindesk,"Exchange suffers security breach, funds frozen"
2024-02-15 20:00:00,cointelegraph,Institutional investors increase crypto holdings
2024-02-16 01:00:00,cointelegraph,Conference schedule announced for crypto week
2024-02-16 06:00:00,coindesk,Regulator proposes stricter crypto trading rules
2024-02-16 11:00:00,coindesk,Report warns of crypto exchange insolvency risk
2024-02-16 16:00:00,coindesk,New wallet software update released
2024-02-16 21:00:00,cointelegraph,Regulator proposes stricter crypto trading rules
2024-02-17 02:00:00,cointelegraph,Bitcoin adoption grows in emerging markets
2024-02-17 07:00:00,theblock,Regulator proposes stricter crypto trading rules
2024-02-17 12:00:00,cointelegraph,Institutional investors increase crypto holdings
2024-02-17 17:00:00,theblock,Market selloff triggers liquidation cascade
2024-02-17 22:00:00,coindesk,SEC approves new Bitcoin ETF application
2024-02-18 03:00:00,theblock,Regulator proposes stricter crypto trading rules
2024-02-18 08:00:00,coindesk,Major bank announces Bitcoin custody service
2024-02-18 13:00:00,theblock,Market selloff triggers liquidation cascade
2024-02-18 18:00:00,coindesk,Blockchain researchers publish new scaling study
2024-02-18 23:00:00,cointelegraph,Institutional investors increase crypto holdings
2024-02-19 04:00:00,theblock,New wallet software update released
2024-02-19 09:00:00,cointelegraph,Institutional investors increase crypto holdings
2024-02-19 14:00:00,coindesk,Major bank announces Bitcoin custody service
2024-02-19 19:00:00,coindesk,Major bank announces Bitcoin custody service
2024-02-20 00:00:00,cointelegraph,"Exchange suffers security breach, funds frozen"
2024-02-20 05:00:00,cointelegraph,Bitcoin adoption grows in emerging markets
2024-02-20 10:00:00,theblock,Weekly crypto market summary and analysis
2024-02-20 15:00:00,theblock,Major bank announces Bitcoin custody service
2024-02-20 20:00:00,coindesk,Regulator proposes stricter crypto trading rules
2024-02-21 01:00:00,theblock,Conference schedule announced for crypto week
2024-02-21 06:00:00,theblock,Market selloff triggers liquidation cascade
2024-02-21 11:00:00,coindesk,Bitcoin adoption grows in emerging markets
2024-02-21 16:00:00,theblock,Regulator proposes stricter crypto trading rules
2024-02-21 21:00:00,theblock,Weekly crypto market summary and analysis
2024-02-22 02:00:00,cointelegraph,Conference schedule announced for crypto week
2024-02-22 07:00:00,cointelegraph,New wallet software update released
2024-02-22 12:00:00,theblock,Weekly crypto market summary and analysis
2024-02-22 17:00:00,cointelegraph,SEC approves new Bitcoin ETF application
2024-02-22 22:00:00,theblock,Major bank announces Bitcoin custody service
2024-02-23 03:00:00,cointelegraph,Bitcoin adoption grows in emerging markets
2024-02-23 08:00:00,coindesk,Blockchain researchers publish new scaling study
2024-02-23 13:00:00,cointelegraph,Weekly crypto market summary and analysis
2024-02-23 18:00:00,theblock,Conference schedule announced for crypto week
2024-02-23 23:00:00,theblock,Institutional investors increase crypto holdings
2024-02-24 04:00:00,theblock,Major bank announces Bitcoin custody service
2024-02-24 09:00:00,cointelegraph,Blockchain researchers publish new scaling study
2024-02-24 14:00:00,coindesk,Major bank announces Bitcoin custody service
2024-02-24 19:00:00,coindesk,Major bank announces Bitcoin custody service
2024-02-25 00:00:00,cointelegraph,Institutional investors increase crypto holdings
2024-02-25 05:00:00,coindesk,Blockchain researchers publish new scaling study
2024-02-25 10:00:00,cointelegraph,Regulator proposes stricter crypto trading rules
2024-02-25 15:00:00,coindesk,Major bank announces Bitcoin custody service
2024-02-25 20:00:00,coindesk,Weekly crypto market summary and analysis
2024-02-26 01:00:00,cointelegraph,SEC approves new Bitcoin ETF application
2024-02-26 06:00:00,theblock,Report warns of crypto exchange insolvency risk
2024-02-26 11:00:00,cointelegraph,Bitcoin adoption grows in emerging markets
2024-02-26 16:00:00,theblock,Institutional investors increase crypto holdings
2024-02-26 21:00:00,cointelegraph,Major bank announces Bitcoin custody service
2024-02-27 02:00:00,coindesk,Institutional investors increase crypto holdings
2024-02-27 07:00:00,theblock,New wallet software update released
2024-02-27 12:00:00,theblock,Blockchain researchers publish new scaling study
2024-02-27 17:00:00,theblock,Bitcoin adoption grows in emerging markets
2024-02-27 22:00:00,cointelegraph,Major bank announces Bitcoin custody service
2024-02-28 03:00:00,cointelegraph,Conference schedule announced for crypto week
2024-02-28 08:00:00,theblock,SEC approves new Bitcoin ETF application
2024-02-28 13:00:00,theblock,Weekly crypto market summary and analysis
2024-02-28 18:00:00,cointelegraph,Major bank announces Bitcoin custody service
2024-02-28 23:00:00,cointelegraph,Blockchain researchers publish new scaling study
2024-02-29 04:00:00,coindesk,New wallet software update released
2024-02-29 09:00:00,coindesk,Major bank announces Bitcoin custody service
2024-02-29 14:00:00,cointelegraph,Blockchain researchers publish new scaling study
2024-02-29 19:00:00,theblock,Blockchain researchers publish new scaling study
2024-03-01 00:00:00,cointelegraph,Major bank announces Bitcoin custody service
2024-03-01 05:00:00,theblock,Report warns of crypto exchange insolvency risk
2024-03-01 10:00:00,cointelegraph,Regulator proposes stricter crypto trading rules
2024-03-01 15:00:00,coindesk,SEC approves new Bitcoin ETF application
2024-03-01 20:00:00,cointelegraph,Report warns of crypto exchange insolvency risk
2024-03-02 01:00:00,coindesk,SEC approves new Bitcoin ETF application
2024-03-02 06:00:00,coindesk,Major bank announces Bitcoin custody service
2024-03-02 11:00:00,cointelegraph,New wallet software update released
2024-03-02 16:00:00,cointelegraph,Conference schedule announced for crypto week
2024-03-02 21:00:00,cointelegraph,New wallet software update released
2024-03-03 02:00:00,coindesk,"Exchange suffers security breach, funds frozen"
2024-03-03 07:00:00,coindesk,Institutional investors increase crypto holdings
2024-03-03 12:00:00,theblock,Report warns of crypto exchange insolvency risk
2024-03-03 17:00:00,coindesk,Bitcoin adoption grows in emerging markets
2024-03-03 22:00:00,coindesk,Conference schedule announced for crypto week
2024-03-04 03:00:00,coindesk,Bitcoin adoption grows in emerging markets
2024-03-04 08:00:00,cointelegraph,Weekly crypto market summary and analysis
2024-03-04 13:00:00,theblock,Bitcoin adoption grows in emerging markets
2024-03-04 18:00:00,cointelegraph,Major bank announces Bitcoin custody service
2024-03-04 23:00:00,theblock,"Exchange suffers security breach, funds frozen"
2024-03-05 04:00:00,coindesk,Weekly crypto market summary and analysis
2024-03-05 09:00:00,cointelegraph,SEC approves new Bitcoin ETF application
2024-03-05 14:00:00,coindesk,Conference schedule announced for crypto week
2024-03-05 19:00:00,coindesk,Weekly crypto market summary and analysis
2024-03-06 00:00:00,cointelegraph,SEC approves new Bitcoin ETF application
2024-03-06 05:00:00,cointelegraph,SEC approves new Bitcoin ETF application
2024-03-06 10:00:00,theblock,Blockchain researchers publish new scaling study
2024-03-06 15:00:00,cointelegraph,SEC approves new Bitcoin ETF application
2024-03-06 20:00:00,coindesk,Weekly crypto market summary and analysis
2024-03-07 01:00:00,coindesk,Blockchain researchers publish new scaling study
2024-03-07 06:00:00,cointelegraph,SEC approves new Bitcoin ETF application
2024-03-07 11:00:00,cointelegraph,Bitcoin adoption grows in emerging markets
2024-03-07 16:00:00,cointelegraph,Conference schedule announced for crypto week
2024-03-07 21:00:00,coindesk,SEC approves new Bitcoin ETF application
2024-03-08 02:00:00,coindesk,Regulator proposes stricter crypto trading rules
2024-03-08 07:00:00,cointelegraph,Conference schedule announced for crypto week
2024-03-08 12:00:00,coindesk,Institutional investors increase crypto holdings
2024-03-08 17:00:00,cointelegraph,Regulator proposes stricter crypto trading rules
2024-03-08 22:00:00,coindesk,Major bank announces Bitcoin custody service
2024-03-09 03:00:00,coindesk,Market selloff triggers liquidation cascade
2024-03-09 08:00:00,cointelegraph,Weekly crypto market summary and analysis
2024-03-09 13:00:00,coindesk,Blockchain researchers publish new scaling study
2024-03-09 18:00:00,cointelegraph,Major bank announces Bitcoin custody service
2024-03-09 23:00:00,coindesk,Bitcoin adoption grows in emerging markets
2024-03-10 04:00:00,cointelegraph,Institutional investors increase crypto holdings
2024-03-10 09:00:00,cointelegraph,Blockchain researchers publish new scaling study
2024-03-10 14:00:00,theblock,Bitcoin adoption grows in emerging markets
2024-03-10 19:00:00,coindesk,SEC approves new Bitcoin ETF application
2024-03-11 00:00:00,cointelegraph,Blockchain researchers publish new scaling study
2024-03-11 05:00:00,theblock,Conference schedule announced for crypto week
2024-03-11 10:00:00,theblock,Conference schedule announced for crypto week
2024-03-11 15:00:00,theblock,Institutional investors increase crypto holdings
2024-03-11 20:00:00,coindesk,Report warns of crypto exchange insolvency risk
2024-03-12 01:00:00,theblock,Blockchain researchers publish new scaling study
2024-03-12 06:00:00,coindesk,New wallet software update released
2024-03-12 11:00:00,cointelegraph,Weekly crypto market summary and analysis
2024-03-12 16:00:00,coindesk,Blockchain researchers publish new scaling study
2024-03-12 21:00:00,cointelegraph,SEC approves new Bitcoin ETF application
2024-03-13 02:00:00,theblock,New wallet software update released
2024-03-13 07:00:00,theblock,Blockchain researchers publish new scaling study
2024-03-13 12:00:00,coindesk,SEC approves new Bitcoin ETF application
2024-03-13 17:00:00,theblock,Conference schedule announced for crypto week
2024-03-13 22:00:00,cointelegraph,Blockchain researchers publish new scaling study
2024-03-14 03:00:00,cointelegraph,Major bank announces Bitcoin custody service
2024-03-14 08:00:00,cointelegraph,SEC approves new Bitcoin ETF application
2024-03-14 13:00:00,theblock,SEC approves new Bitcoin ETF application
2024-03-14 18:00:00,coindesk,SEC approves new Bitcoin ETF application
2024-03-14 23:00:00,coindesk,"Exchange suffers security breach, funds frozen"
2024-03-15 04:00:00,cointelegraph,Major bank announces Bitcoin custody service
2024-03-15 09:00:00,coindesk,Blockchain researchers publish new scaling study
2024-03-15 14:00:00,coindesk,Regulator proposes stricter crypto trading rules
2024-03-15 19:00:00,cointelegraph,Weekly crypto market summary and analysis
2024-03-16 00:00:00,theblock,Institutional investors increase crypto holdings
2024-03-16 05:00:00,theblock,Regulator proposes stricter crypto trading rules
2024-03-16 10:00:00,theblock,Blockchain researchers publish new scaling study
2024-03-16 15:00:00,theblock,Market selloff triggers liquidation cascade
2024-03-16 20:00:00,cointelegraph,Bitcoin adoption grows in emerging markets
2024-03-17 01:00:00,theblock,New wallet software update released
2024-03-17 06:00:00,coindesk,Institutional investors increase crypto holdings
2024-03-17 11:00:00,theblock,Bitcoin adoption grows in emerging markets
2024-03-17 16:00:00,theblock,Bitcoin adoption grows in emerging markets
2024-03-17 21:00:00,coindesk,New wallet software update released
2024-03-18 02:00:00,coindesk,Institutional investors increase crypto holdings
2024-03-18 07:00:00,cointelegraph,Institutional investors increase crypto holdings
2024-03-18 12:00:00,coindesk,Market selloff triggers liquidation cascade
2024-03-18 17:00:00,coindesk,Institutional investors increase crypto holdings
2024-03-18 22:00:00,cointelegraph,SEC approves new Bitcoin ETF application
2024-03-19 03:00:00,cointelegraph,Market selloff triggers liquidation cascade
2024-03-19 08:00:00,theblock,Conference schedule announced for crypto week
2024-03-19 13:00:00,theblock,Weekly crypto market summary and analysis
2024-03-19 18:00:00,cointelegraph,Conference schedule announced for crypto week
2024-03-19 23:00:00,theblock,Regulator proposes stricter crypto trading rules
2024-03-20 04:00:00,coindesk,Bitcoin adoption grows in emerging markets
2024-03-20 09:00:00,cointelegraph,Blockchain researchers publish new scaling study
2024-03-20 14:00:00,theblock,SEC approves new Bitcoin ETF application
2024-03-20 19:00:00,coindesk,Blockchain researchers publish new scaling study
2024-03-21 00:00:00,coindesk,Weekly crypto market summary and analysis
2024-03-21 05:00:00,cointelegraph,New wallet software update released
2024-03-21 10:00:00,theblock,SEC approves new Bitcoin ETF application
2024-03-21 15:00:00,cointelegraph,Major bank announces Bitcoin custody service
2024-03-21 20:00:00,cointelegraph,Weekly crypto market summary and analysis
2024-03-22 01:00:00,theblock,Weekly crypto market summary and analysis
2024-03-22 06:00:00,theblock,Regulator proposes stricter crypto trading rules
2024-03-22 11:00:00,coindesk,Institutional investors increase crypto holdings
2024-03-22 16:00:00,theblock,SEC approves new Bitcoin ETF application
2024-03-22 21:00:00,theblock,Institutional investors increase crypto holdings
2024-03-23 02:00:00,theblock,Conference schedule announced for crypto week
2024-03-23 07:00:00,cointelegraph,Weekly crypto market summary and analysis
2024-03-23 12:00:00,coindesk,Blockchain researchers publish new scaling study
2024-03-23 17:00:00,cointelegraph,New wallet software update released
2024-03-23 22:00:00,theblock,Conference schedule announced for crypto week
2024-03-24 03:00:00,coindesk,SEC approves new Bitcoin ETF application
